Generation,Fitness
0,0.004975124378109453
1,0.005847953216374269
2,0.005847953216374269
3,0.01639344262295082
4,0.01639344262295082
5,0.01639344262295082
6,0.01639344262295082
7,0.01639344262295082
8,0.01639344262295082
9,0.01639344262295082
10,0.01639344262295082
11,0.0196078431372549
12,0.0196078431372549
13,0.0196078431372549
14,0.024390243902439025
15,0.024390243902439025
16,0.024390243902439025
17,0.024390243902439025
18,0.024390243902439025
19,0.024390243902439025
20,0.024390243902439025
21,0.024390243902439025
22,0.024390243902439025
23,0.024390243902439025
24,0.024390243902439025
25,0.024390243902439025
26,0.024390243902439025
27,0.024390243902439025
28,0.024390243902439025
29,0.024390243902439025
30,0.024390243902439025
31,0.024390243902439025
32,0.024390243902439025
33,0.024390243902439025
34,0.024390243902439025
35,0.024390243902439025
36,0.024390243902439025
37,0.024390243902439025
38,0.024390243902439025
39,0.024390243902439025
40,0.024390243902439025
41,0.024390243902439025
42,0.024390243902439025
43,0.024390243902439025
44,0.024390243902439025
45,0.024390243902439025
46,0.024390243902439025
47,0.024390243902439025
48,0.024390243902439025
49,0.024390243902439025
50,0.024390243902439025
51,0.024390243902439025
52,0.024390243902439025
53,0.024390243902439025
54,0.024390243902439025
55,0.024390243902439025
56,0.024390243902439025
57,0.024390243902439025
58,0.024390243902439025
59,0.024390243902439025
60,0.024390243902439025
61,0.024390243902439025
62,0.024390243902439025
63,0.024390243902439025
64,0.024390243902439025
65,0.024390243902439025
66,0.024390243902439025
67,0.024390243902439025
68,0.024390243902439025
69,0.024390243902439025
70,0.024390243902439025
71,0.024390243902439025
72,0.024390243902439025
73,0.024390243902439025
74,0.024390243902439025
75,0.024390243902439025
76,0.024390243902439025
77,0.024390243902439025
78,0.024390243902439025
79,0.024390243902439025
80,0.024390243902439025
81,0.024390243902439025
82,0.024390243902439025
83,0.024390243902439025
84,0.024390243902439025
85,0.024390243902439025
86,0.024390243902439025
87,0.024390243902439025
88,0.024390243902439025
89,0.024390243902439025
90,0.024390243902439025
91,0.024390243902439025
92,0.024390243902439025
93,0.024390243902439025
94,0.024390243902439025
95,0.024390243902439025
96,0.024390243902439025
97,0.024390243902439025
98,0.024390243902439025
99,0.024390243902439025
