StudentName,Course1,Course2,Course3,Course4,Course5,Course6
NourHabash,CloudComputing,Statistics,SoftwareEngineering,LinearAlgebra
IyadAwad,WebProgrammingLab,Statistics,ComputerGraphicsLab,ProjectManagement
YousefHijazi,Statistics,EmbeddedSystems,ProjectManagement
WafaMansour,Database,HumanComputerInteraction,CloudComputing
RaniaHijazi,Networks,Robotics,GameDevLab
MohammedQasem,Algorithms,LinearAlgebra,CompilerDesign,DataMining
ReemKamal,TechnicalWriting,Database,Algorithms,DiscreteMath,AI,ITSecurity
DimaMansour,Robotics,EmbeddedSystems,Statistics,MachineLearning,LinearAlgebra
IyadFarouk,SoftwareEngineering,DataMining,MachineLearning,TechnicalWriting,Database,MobileAppDev
KarimShaheen,NLProcessing,DataStructures,Database
RulaQasem,MobileAppDev,CompilerDesign,Cybersecurity
OmarZaid,Database,Cybersecurity,Networks,ProjectManagement
SamirMansour,Networks,DistributedSystems,InformationRetrieval,ProjectManagement
RanaBarghouthi,DiscreteMath,OperatingSystems,TechnicalWriting,MobileAppDev
AreenShaheen,MobileAppDev,DistributedSystems,Database,Networks
RulaSalim,InformationRetrieval,MobileAppDev,TechnicalWriting,Cybersecurity,DataStructures,WebProgrammingLab
DimaShaheen,InformationRetrieval,ComputerVisionLab,DataStructures,ComputerGraphicsLab
DanaFarouk,DiscreteMath,SoftwareEngineering,InformationRetrieval,HumanComputerInteraction,MachineLearning
FadiKamal,DataStructures,GameDevLab,Networks,AI,Statistics,DistributedSystems
FaisalBarghouthi,Networks,CloudComputing,DataMining
LaraMansour,SoftwareEngineering,Robotics,ComputerArchitecture,TechnicalWriting,Networks
ZiadSabra,ComputerArchitecture,MachineLearning,Algorithms,Statistics
LaraNasser,DistributedSystems,EmbeddedSystems,HumanComputerInteraction,Cybersecurity,AI
HishamOdeh,Robotics,InformationRetrieval,OperatingSystems,TechnicalWriting,SoftwareEngineering
YousefSabra,OperatingSystems,TechnicalWriting,NLProcessing,CloudComputing,SoftwareEngineering
SaraHijazi,MachineLearning,DistributedSystems,DataMining,ComputerVisionLab,DataStructures
OmarSabra,InformationRetrieval,HumanComputerInteraction,ProjectManagement,WebProgrammingLab
RanaHamdan,WebProgrammingLab,TechnicalWriting,ProjectManagement,Database,Networks,HumanComputerInteraction
NadiaSuleiman,ITSecurity,WebProgrammingLab,Database,AI,DataStructures,GameDevLab
BassamFarouk,HumanComputerInteraction,WebProgrammingLab,Algorithms,NLProcessing
AhmadAwad,CloudComputing,ComputerVisionLab,LinearAlgebra,Robotics,AI,OperatingSystems
RulaNasser,TechnicalWriting,ComputerVisionLab,SoftwareEngineering
AmjadShaheen,ITSecurity,ComputerArchitecture,MobileAppDev
KhaledDeeb,LinearAlgebra,SoftwareEngineering,Database,MachineLearning
RanaZaid,TechnicalWriting,Robotics,EmbeddedSystems,ProjectManagement,Database
SalmaNasser,DataMining,InformationRetrieval,ComputerGraphicsLab,OperatingSystems,ComputerArchitecture
DimaHabash,DistributedSystems,NLProcessing,SoftwareEngineering,ComputerGraphicsLab,Algorithms,EmbeddedSystems
SaraHamdan,AI,Algorithms,NLProcessing,DataStructures,EmbeddedSystems,LinearAlgebra
HudaNasser,WebProgrammingLab,Algorithms,EmbeddedSystems,ComputerVisionLab
YaraMansour,DiscreteMath,ProjectManagement,Database
RaniaShaheen,ComputerGraphicsLab,DataMining,ITSecurity,Statistics,ComputerArchitecture,MachineLearning
RaniaKamal,ComputerGraphicsLab,AI,InformationRetrieval,DataMining
MohammedMansour,DataStructures,WebProgrammingLab,ProjectManagement,Networks,GameDevLab,TechnicalWriting
NabilAmer,HumanComputerInteraction,Cybersecurity,DiscreteMath,InformationRetrieval,ITSecurity
KarimHamdan,AI,OperatingSystems,TechnicalWriting,WebProgrammingLab,Algorithms
YaraAmer,Database,OperatingSystems,DistributedSystems,LinearAlgebra,ComputerArchitecture
FaisalNasser,LinearAlgebra,DistributedSystems,Cybersecurity,OperatingSystems,DiscreteMath
SalmaDeeb,WebProgrammingLab,Database,ComputerVisionLab,LinearAlgebra
FadiMansour,Cybersecurity,Robotics,EmbeddedSystems
NourFarouk,ComputerArchitecture,LinearAlgebra,Networks,InformationRetrieval
NourDeeb,DistributedSystems,DataStructures,InformationRetrieval,ProjectManagement,OperatingSystems
AmjadHijazi,Cybersecurity,MachineLearning,InformationRetrieval,LinearAlgebra,DataStructures
HalaSuleiman,ComputerVisionLab,MachineLearning,CloudComputing,SoftwareEngineering,DataMining,LinearAlgebra
KarimOdeh,InformationRetrieval,NLProcessing,Algorithms,DistributedSystems,MobileAppDev,MachineLearning
AnasZaid,CloudComputing,ITSecurity,AI,MachineLearning,TechnicalWriting,DataMining
YousefShaheen,EmbeddedSystems,MobileAppDev,DistributedSystems,HumanComputerInteraction,DataStructures,Statistics
SamirHamdan,Statistics,InformationRetrieval,DataMining,Cybersecurity,CompilerDesign,NLProcessing
YazanMansour,InformationRetrieval,Networks,MachineLearning,Cybersecurity
LinaAwad,Networks,ITSecurity,GameDevLab,ComputerGraphicsLab,InformationRetrieval
KhaledHijazi,ComputerGraphicsLab,EmbeddedSystems,DataMining,SoftwareEngineering,AI
RaniaZayed,ComputerGraphicsLab,CompilerDesign,DistributedSystems
KhaledHabash,Statistics,LinearAlgebra,TechnicalWriting
BassamNasser,ComputerVisionLab,DiscreteMath,CompilerDesign,ComputerGraphicsLab
LaraZaid,HumanComputerInteraction,ComputerVisionLab,AI,TechnicalWriting
LinaMansour,GameDevLab,LinearAlgebra,ComputerGraphicsLab
MayaHijazi,EmbeddedSystems,ComputerVisionLab,Cybersecurity,Statistics
DanaSuleiman,CloudComputing,ComputerGraphicsLab,Robotics
HalaDeeb,Statistics,SoftwareEngineering,EmbeddedSystems
HishamSuleiman,InformationRetrieval,Cybersecurity,CloudComputing,DistributedSystems,DataStructures,GameDevLab
NourHijazi,DistributedSystems,ITSecurity,NLProcessing,Cybersecurity,LinearAlgebra,CloudComputing
SanaHamdan,TechnicalWriting,Algorithms,NLProcessing,CompilerDesign,Statistics,WebProgrammingLab
WafaDeeb,ITSecurity,HumanComputerInteraction,WebProgrammingLab,GameDevLab
WafaHijazi,HumanComputerInteraction,ComputerGraphicsLab,WebProgrammingLab,Statistics,Networks,ComputerVisionLab
AmjadDeeb,ComputerGraphicsLab,WebProgrammingLab,DataStructures,TechnicalWriting,CloudComputing
ZiadMansour,SoftwareEngineering,ComputerGraphicsLab,DiscreteMath
SanaKamal,ComputerVisionLab,DataMining,Networks,LinearAlgebra
LaylaAwad,DataStructures,CloudComputing,Statistics,LinearAlgebra,Database,DataMining
FaisalSuleiman,DiscreteMath,TechnicalWriting,GameDevLab,MobileAppDev,ComputerVisionLab,AI
MayaZaid,CompilerDesign,AI,ComputerArchitecture,MachineLearning,GameDevLab,DiscreteMath
BassamHijazi,CloudComputing,NLProcessing,TechnicalWriting,Robotics,EmbeddedSystems,DistributedSystems
MayaBarghouthi,CompilerDesign,ComputerGraphicsLab,WebProgrammingLab,LinearAlgebra
NabilMansour,AI,DiscreteMath,DataStructures,InformationRetrieval,ITSecurity,TechnicalWriting
LaylaHijazi,ITSecurity,Statistics,Robotics,SoftwareEngineering
HudaSalim,Robotics,DiscreteMath,MobileAppDev
RanaAwad,Networks,HumanComputerInteraction,LinearAlgebra
AnasHijazi,ProjectManagement,Statistics,Algorithms,Database
LaylaHamdan,DiscreteMath,DataStructures,DataMining,Statistics,GameDevLab
NadiaSalim,WebProgrammingLab,GameDevLab,ITSecurity,LinearAlgebra,Robotics,Networks
AnasSabra,AI,NLProcessing,CloudComputing,Database,ComputerArchitecture,ComputerGraphicsLab
RanaKamal,GameDevLab,HumanComputerInteraction,Database
DimaOdeh,ComputerGraphicsLab,DataMining,ITSecurity
LinaShaheen,DistributedSystems,SoftwareEngineering,ComputerGraphicsLab
IyadOdeh,CompilerDesign,InformationRetrieval,OperatingSystems,MobileAppDev
YousefBarghouthi,Statistics,ComputerVisionLab,WebProgrammingLab,GameDevLab
HishamAmer,Algorithms,DistributedSystems,NLProcessing,ComputerVisionLab,OperatingSystems
RanaOdeh,MachineLearning,OperatingSystems,MobileAppDev,AI
SamirOdeh,MobileAppDev,InformationRetrieval,Robotics,DiscreteMath,ComputerVisionLab
NabilKamal,Networks,MobileAppDev,ComputerVisionLab,ITSecurity
AreenBarghouthi,OperatingSystems,ComputerVisionLab,GameDevLab,MachineLearning
ZiadShaheen,EmbeddedSystems,MobileAppDev,Database
AnasHabash,CloudComputing,LinearAlgebra,InformationRetrieval,ComputerArchitecture,Networks
KarimNasser,AI,ProjectManagement,LinearAlgebra,ITSecurity,CompilerDesign
NadiaAwad,LinearAlgebra,ComputerArchitecture,HumanComputerInteraction
NourAmer,ComputerVisionLab,SoftwareEngineering,LinearAlgebra,Algorithms,NLProcessing,Cybersecurity
HudaHabash,DistributedSystems,EmbeddedSystems,Robotics,CloudComputing,GameDevLab
LaraFarouk,Statistics,LinearAlgebra,ITSecurity,NLProcessing,MobileAppDev,WebProgrammingLab
SalmaSuleiman,ProjectManagement,ComputerGraphicsLab,ITSecurity,Robotics,Networks
AhmadFarouk,TechnicalWriting,Statistics,ComputerGraphicsLab,GameDevLab,MobileAppDev
HalaHamdan,DataStructures,AI,CompilerDesign,Robotics,Algorithms,ProjectManagement
AreenNasser,ComputerArchitecture,EmbeddedSystems,WebProgrammingLab,DataStructures
